Commodity,Date,Arrivals in Qtls.,Min,Max,Modal
ONION,5/12/2015,158796,439,1538,1046
ONION,8/2/2015,37413,1789,3808,3054
ONION,10/23/2015,45384,1122,3035,2273
ONION,1/13/2016,271679,547,1468,1147
ONION,3/10/2016,261306,408,871,704
ONION,4/4/2016,77596,401,892,716
ONION,6/10/2016,242559,399,981,751
ONION,6/25/2016,120628,357,937,699
ONION,8/21/2016,131675,443,954,753
ONION,12/6/2016,206338,357,968,713
ONION,2/26/2017,107731,396,809,629
ONION,5/19/2017,174257,272,619,460
ONION,8/9/2017,218169,1009,2540,2137
ONION,10/30/2017,220331,1021,2879,2297
ONION,1/20/2018,215293,1390,2942,2495
ONION,3/18/2018,52906,612,1018,867
ONION,6/18/2018,328326,445,1069,833
ONION,7/3/2018,314618,520,1365,1066
ONION,8/29/2018,195570,524,1100,898
ONION,12/14/2018,221013,255,845,602
ONION,5/22/2015,163857,548,1605,1073
ONION,6/6/2015,116580,706,2020,1444
ONION,6/23/2015,108407,660,1824,1430
ONION,7/8/2015,129856,839,1981,1599
ONION,9/3/2015,39685,2384,4896,4083
ONION,2/7/2016,104209,539,1697,995
ONION,3/3/2016,216465,410,950,754
ONION,4/29/2016,176827,321,855,632
ONION,5/31/2016,211373,337,865,661
ONION,7/12/2016,6529,562,1019,850
ONION,7/27/2016,140919,340,900,688
ONION,12/31/2016,157304,285,890,633
ONION,2/1/2017,426207,298,726,567
ONION,3/23/2017,276990,343,1863,591
ONION,3/30/2017,62464,508,894,743
ONION,4/24/2017,319256,291,662,520
ONION,9/28/2017,187980,746,1712,1390
ONION,11/24/2017,197860,1566,4202,3398
ONION,12/26/2017,239828,1255,2959,2371
ONION,2/21/2018,328212,887,1805,1534
ONION,7/28/2018,129283,578,1257,1034
ONION,10/18/2018,68085,832,1997,1543
ONION,11/19/2018,251085,457,1151,865
ONION,7/25/2015,72162,1293,3033,2345
ONION,10/1/2015,94682,1612,3892,3097
ONION,11/24/2015,148353,942,2426,1786
ONION,1/20/2016,282251,604,1486,1120
ONION,3/28/2016,95232,381,897,704
ONION,5/6/2016,185197,339,858,640
ONION,5/24/2016,193872,306,830,615
ONION,7/2/2016,125958,382,967,742
ONION,9/8/2016,230792,318,765,589
ONION,9/22/2016,186861,240,642,462
ONION,11/4/2016,75854,369,1058,753
ONION,1/25/2017,414384,334,759,609
ONION,3/5/2017,138969,371,789,633
ONION,7/8/2017,127484,324,765,581
ONION,8/1/2017,307380,540,1490,1176
ONION,5/17/2018,282706,344,779,608
ONION,7/10/2018,230889,526,1339,1055
ONION,9/16/2018,85932,531,1116,886
ONION,11/12/2018,185721,547,1548,1143
ONION,12/21/2018,259532,235,762,534
ONION,1/25/2015,94750,572,1681,1150
ONION,3/16/2015,18867,800,1731,1337
ONION,5/19/2015,194381,495,1652,1082
ONION,5/30/2015,97590,643,1844,1305
ONION,7/15/2015,108260,929,2230,1821
ONION,9/21/2015,71985,1785,4538,3664
ONION,11/17/2015,145554,1228,3306,2336
ONION,12/4/2015,241259,635,2007,1427
ONION,3/17/2016,211023,383,826,668
ONION,4/7/2016,165568,393,999,686
ONION,5/13/2016,259359,282,819,594
ONION,7/20/2016,100838,395,991,720
ONION,11/11/2016,76666,440,1056,756
ONION,1/7/2017,212386,349,853,649
ONION,3/16/2017,234697,349,684,556
ONION,5/12/2017,307122,259,610,445
ONION,5/29/2017,316814,265,645,481
ONION,7/15/2017,119183,318,731,577
ONION,9/10/2017,104235,822,1812,1450
ONION,11/17/2017,145739,1456,3538,2864
ONION,1/2/2018,227904,1470,3342,2758
ONION,1/13/2018,154292,1371,2919,2470
ONION,5/7/2018,301476,333,769,614
ONION,7/20/2018,261590,538,1274,1020
ONION,9/5/2018,223727,455,1071,864
ONION,11/22/2018,215764,364,1062,759
ONION,1/7/2015,227752,548,1616,1222
ONION,3/19/2015,272149,557,1410,1069
ONION,3/30/2015,95259,664,1405,1087
ONION,6/20/2015,123076,773,1996,1551
ONION,8/30/2015,15002,2393,5294,4305
ONION,9/14/2015,56859,2238,5011,4171
ONION,11/6/2015,156483,1093,2958,2241
ONION,12/5/2015,152056,771,1927,1451
ONION,2/25/2016,239586,469,976,791
ONION,4/18/2016,267984,349,868,665
ONION,8/7/2016,136075,328,877,690
ONION,10/24/2016,227066,276,844,601
ONION,12/24/2016,134851,300,888,650
ONION,1/18/2017,389109,332,740,613
ONION,3/26/2017,87972,361,777,627
ONION,4/6/2017,293876,332,700,582
ONION,6/27/2017,237508,274,858,549
ONION,9/17/2017,72710,735,1626,1292
ONION,12/12/2017,257566,1534,3858,3065
ONION,3/4/2018,68017,684,1327,1077
ONION,4/26/2018,203216,363,801,633
ONION,5/25/2018,203727,326,778,587
ONION,8/15/2018,41268,579,1150,927
ONION,9/22/2018,168313,396,971,749
ONION,10/7/2018,81164,523,1165,896
ONION,11/1/2018,177804,557,1464,1097
ONION,1/17/2015,90639,447,1526,1088
ONION,2/5/2015,180718,662,1709,1312
ONION,3/9/2015,218601,760,1582,1279
ONION,5/1/2015,33053,569,1545,1109
ONION,10/5/2015,88422,1398,3836,2977
ONION,12/26/2015,71126,726,1654,1298
ONION,1/6/2016,331373,629,1692,1290
ONION,1/31/2016,75339,550,1521,1150
ONION,3/24/2016,12926,360,906,679
ONION,9/1/2016,23053,436,896,713
ONION,9/29/2016,135071,272,651,478
ONION,11/29/2016,118382,356,1043,740
ONION,5/1/2017,37362,358,637,523
ONION,5/26/2017,367174,270,636,479
ONION,6/6/2017,23335,455,822,667
ONION,7/26/2017,316761,399,1001,787
ONION,8/27/2017,80124,978,1993,1595
ONION,10/4/2017,295021,740,1899,1537
ONION,10/19/2017,11118,1044,2331,1817
ONION,1/31/2018,340890,1028,2063,1687
ONION,3/14/2018,208660,519,932,799
ONION,3/25/2018,84808,531,1046,859
ONION,6/26/2018,259680,451,1238,966
ONION,9/12/2018,288371,457,1055,853
ONION,11/30/2018,229100,340,1063,723
ONION,2/12/2015,191240,746,1750,1369
ONION,3/2/2015,116842,727,1643,1269
ONION,4/6/2015,238113,470,1338,982
ONION,6/13/2015,112339,801,2002,1534
ONION,7/1/2015,124258,792,1908,1544
ONION,8/13/2015,53872,1985,3995,3415
ONION,9/7/2015,38860,2296,4962,4242
ONION,12/12/2015,173290,646,1663,1268
ONION,1/5/2016,306162,652,1719,1296
ONION,2/18/2016,226684,453,1028,796
ONION,4/11/2016,231915,368,839,658
ONION,10/16/2016,65662,350,891,676
ONION,12/13/2016,225408,341,977,736
ONION,2/19/2017,100358,397,782,639
ONION,2/22/2017,387408,307,736,573
ONION,4/13/2017,269814,325,702,573
ONION,6/20/2017,294135,311,713,559
ONION,8/20/2017,69567,1079,2397,1895
ONION,9/24/2017,88792,742,1858,1457
ONION,12/1/2017,174736,1273,3094,2415
ONION,12/19/2017,377095,1409,3170,2554
ONION,2/25/2018,142276,889,1610,1335
ONION,4/19/2018,174947,361,733,593
ONION,6/1/2018,90908,446,979,765
ONION,8/8/2018,331277,556,1273,1039
ONION,9/30/2018,85191,474,1084,850
ONION,10/24/2018,161037,656,1800,1388
ONION,8/20/2015,62219,2512,5248,4400
ONION,10/12/2015,68895,1365,3598,2774
ONION,10/29/2015,136026,1278,3558,2714
ONION,12/19/2015,210627,612,1565,1185
ONION,3/6/2016,93828,413,948,773
ONION,6/7/2016,240774,381,995,749
ONION,6/18/2016,122093,513,1138,871
ONION,8/25/2016,151831,295,822,615
ONION,10/6/2016,161407,284,811,611
ONION,2/12/2017,57711,399,768,608
ONION,6/13/2017,254765,307,772,584
ONION,6/30/2017,220129,301,738,561
ONION,8/5/2017,246925,880,2352,1870
ONION,10/12/2017,205344,1014,2536,2053
ONION,4/1/2018,45721,522,921,771
ONION,6/8/2018,112924,428,964,746
ONION,12/7/2018,135630,332,948,697
ONION,12/24/2018,320967,225,688,483
ONION,5/16/2015,89545,515,1544,1078
ONION,7/4/2015,91698,772,1924,1501
ONION,8/6/2015,49752,1854,3863,3307
ONION,10/19/2015,87550,907,2627,1965
ONION,11/30/2015,252575,821,2178,1604
ONION,1/2/2016,227753,686,1823,1380
ONION,3/31/2016,63418,420,898,687
ONION,6/29/2016,190988,379,961,743
ONION,12/2/2016,231597,319,938,655
ONION,3/2/2017,313262,357,735,595
ONION,5/23/2017,225124,259,654,486
ONION,7/11/2017,253056,294,704,553
ONION,8/13/2017,127801,1235,2422,1989
ONION,10/26/2017,180857,1047,2886,2243
ONION,12/7/2017,262373,1577,3516,2818
ONION,1/9/2018,292849,1421,3368,2725
ONION,6/4/2018,194750,440,1007,777
ONION,7/7/2018,142814,556,1332,1054
ONION,12/10/2018,286648,259,817,582
ONION,5/26/2015,146804,585,1725,1196
ONION,6/2/2015,151932,675,1950,1373
ONION,6/27/2015,92809,795,1820,1465
ONION,8/23/2015,33959,2844,6401,5102
ONION,9/24/2015,54832,1869,3989,3273
ONION,11/20/2015,204805,911,2578,1864
ONION,2/11/2016,201127,425,1085,800
ONION,4/10/2016,90614,361,1207,679
ONION,4/25/2016,260284,363,836,656
ONION,5/27/2016,245358,300,898,665
ONION,1/4/2017,427267,342,838,671
ONION,2/5/2017,80677,394,766,622
ONION,4/3/2017,143244,337,707,578
ONION,4/20/2017,254110,341,706,572
ONION,9/7/2017,311952,793,2076,1500
ONION,10/9/2017,270425,1058,2516,2091
ONION,11/5/2017,48451,1221,3366,2511
ONION,11/28/2017,282953,1448,3936,3133
ONION,12/30/2017,165944,1436,3158,2608
ONION,1/16/2018,215080,1464,3074,2486
ONION,2/10/2018,223544,941,1994,1647
ONION,6/5/2018,201664,421,987,777
ONION,7/17/2018,189072,563,1289,1041
ONION,7/24/2018,117783,638,1297,1081
ONION,8/18/2018,192049,507,1183,942
ONION,9/2/2018,76737,565,1178,934
ONION,5/15/2015,133999,453,1575,1082
ONION,7/22/2015,111314,1243,2828,2340
ONION,7/29/2015,138001,1576,3712,3135
ONION,12/1/2015,213317,806,2214,1615
ONION,2/3/2016,320761,436,1264,935
ONION,2/28/2016,100399,496,1415,859
ONION,4/1/2016,70597,401,899,687
ONION,6/28/2016,189690,378,972,740
ONION,7/31/2016,126282,353,864,664
ONION,9/26/2016,190182,218,655,462
ONION,10/31/2016,15459,355,861,682
ONION,12/3/2016,144260,318,945,661
ONION,3/1/2017,393320,359,750,612
ONION,7/12/2017,224456,304,731,571
ONION,11/10/2017,181484,1014,2933,2280
ONION,12/8/2017,249143,1451,3508,2753
ONION,1/8/2018,305000,1671,3503,2929
ONION,1/17/2018,236796,1390,3099,2623
ONION,3/7/2018,335816,635,1154,972
ONION,6/15/2018,226996,460,1097,832
ONION,7/6/2018,222759,559,1358,1079
ONION,11/8/2018,17378,718,1353,1085
ONION,1/29/2015,184518,521,1568,1205
ONION,3/27/2015,162989,483,1301,950
ONION,5/25/2015,168845,620,1642,1144
ONION,6/3/2015,190708,684,1879,1390
ONION,7/19/2015,40160,1051,2415,1910
ONION,9/25/2015,12964,1754,3732,2993
ONION,10/2/2015,32384,1402,3444,2824
ONION,11/21/2015,137272,786,2392,1760
ONION,1/9/2016,95535,610,1557,1251
ONION,1/24/2016,79650,899,2050,1686
ONION,3/21/2016,152203,382,836,670
ONION,5/28/2016,173101,341,908,670
ONION,7/16/2016,75993,433,972,762
ONION,11/15/2016,153058,390,1262,887
ONION,1/3/2017,374566,353,891,681
ONION,3/12/2017,170735,408,788,656
ONION,5/8/2017,307444,282,604,473
ONION,8/30/2017,153940,853,2040,1678
ONION,9/6/2017,303110,793,1927,1553
ONION,12/29/2017,270850,1399,3151,2623
ONION,5/3/2018,322293,363,830,653
ONION,7/25/2018,116699,605,1288,1059
ONION,9/1/2018,121772,492,1078,859
ONION,1/11/2015,84065,625,1621,1161
ONION,6/16/2015,88320,739,2077,1500
ONION,9/10/2015,40293,2519,5355,4385
ONION,12/9/2015,261595,660,1687,1310
ONION,2/6/2016,162626,470,1234,902
ONION,2/29/2016,248345,407,960,771
ONION,8/3/2016,104083,351,867,670
ONION,9/14/2016,164612,269,717,542
ONION,9/25/2016,7586,456,783,656
ONION,10/28/2016,23794,407,794,615
ONION,6/23/2017,209238,310,733,565
ONION,9/21/2017,155136,734,1816,1463
ONION,11/13/2017,184913,1112,2918,2338
ONION,12/16/2017,273522,1511,3233,2596
ONION,3/8/2018,335208,604,1312,951
ONION,8/11/2018,75108,568,1245,978
ONION,9/13/2018,44844,491,996,799
ONION,10/3/2018,269537,467,1086,860
ONION,11/5/2018,38126,649,1423,1078
ONION,2/1/2015,82041,576,1778,1258
ONION,3/5/2015,155528,593,1574,1184
ONION,3/26/2015,131689,526,1293,976
ONION,4/20/2015,177813,461,1313,956
ONION,4/27/2015,211760,465,1340,957
ONION,12/22/2015,244087,659,1575,1212
ONION,1/27/2016,346200,554,1401,1073
ONION,3/9/2016,157235,384,921,726
ONION,3/20/2016,77046,447,929,758
ONION,6/15/2016,174508,367,909,691
ONION,7/17/2016,107046,393,1001,761
ONION,8/13/2016,123360,404,920,699
ONION,11/14/2016,71574,461,1175,832
ONION,12/16/2016,262361,322,936,691
ONION,3/13/2017,16535,353,689,554
ONION,5/5/2017,328670,291,613,478
ONION,6/10/2017,104689,364,807,621
ONION,2/4/2018,116503,1057,2114,1710
ONION,3/29/2018,54565,494,1277,776
ONION,4/30/2018,154347,380,828,664
ONION,5/21/2018,244829,295,734,560
ONION,6/22/2018,280436,504,1273,970
ONION,4/10/2015,286421,476,1307,975
ONION,6/17/2015,173226,760,2044,1613
ONION,7/5/2015,48235,848,2013,1559
ONION,8/9/2015,28146,1624,3944,3135
ONION,9/11/2015,42892,2697,5339,4416
ONION,10/16/2015,50109,1103,2940,2306
ONION,11/3/2015,140822,1140,2862,2201
ONION,12/8/2015,217147,699,1736,1281
ONION,1/1/2016,294877,638,1863,1374
ONION,1/10/2016,73849,635,1526,1173
ONION,4/17/2017,242324,327,685,559
ONION,5/22/2017,212499,256,631,465
ONION,6/24/2017,59852,328,726,573
ONION,7/29/2017,169385,497,1389,1081
ONION,8/16/2017,216452,922,2186,1814
ONION,9/20/2017,79066,679,1646,1326
ONION,10/8/2017,94404,1106,2397,1855
ONION,10/23/2017,158863,1200,3174,2534
ONION,12/15/2017,306040,1374,3386,2644
ONION,8/12/2018,113798,603,1274,1010
ONION,10/4/2018,234158,451,1105,860
ONION,12/11/2018,250279,289,861,622
ONION,12/29/2018,231605,245,719,517
ONION,3/6/2015,47968,550,1500,1168
ONION,4/28/2015,181598,409,1389,957
ONION,6/26/2015,129385,749,1917,1491
ONION,8/24/2015,75140,2429,5889,4940
ONION,12/23/2015,306034,621,1591,1248
ONION,2/14/2016,72095,501,1171,929
ONION,4/22/2016,177064,305,826,622
ONION,6/14/2016,200832,360,942,717
ONION,9/15/2016,12148,306,756,588
ONION,10/10/2016,204262,279,844,617
ONION,12/17/2016,179507,338,914,674
ONION,2/8/2017,461343,306,696,554
ONION,4/2/2017,78107,377,749,606
ONION,4/27/2017,277761,333,668,536
ONION,6/9/2017,88123,361,791,594
ONION,11/27/2017,243697,1566,4080,3331
ONION,2/3/2018,194496,906,1990,1642
ONION,3/28/2018,183836,492,947,787
ONION,6/23/2018,148650,458,1166,893
ONION,8/21/2018,295200,463,1166,937
ONION,1/1/2015,192433,633,1563,1126
ONION,2/11/2015,217656,629,1696,1321
ONION,2/27/2015,226821,614,1534,1191
ONION,4/9/2015,268008,511,1353,1014
ONION,6/14/2015,73602,768,2088,1500
ONION,6/30/2015,92022,717,1780,1386
ONION,7/26/2015,47028,1358,3242,2603
ONION,10/15/2015,87554,1348,3100,2445
ONION,7/3/2016,127933,391,1028,788
ONION,9/7/2016,258490,309,795,591
ONION,11/3/2016,54431,422,959,750
ONION,1/8/2017,82828,397,901,683
ONION,1/24/2017,356905,295,740,575
ONION,2/18/2017,236304,355,771,596
ONION,3/6/2017,338733,355,717,582
ONION,4/16/2017,114784,386,751,619
ONION,6/21/2017,297364,297,720,565
ONION,7/7/2017,285767,336,729,578
ONION,8/2/2017,283566,656,1641,1336
ONION,7/11/2018,219037,559,1294,1029
ONION,9/15/2018,180783,395,1011,803
ONION,11/11/2018,29950,652,1524,1128
ONION,12/22/2018,214641,270,773,558
ONION,4/18/2015,59542,521,1263,957
ONION,4/25/2015,98356,448,1212,897
ONION,8/19/2015,63401,2594,4881,4268
ONION,9/30/2015,90374,1495,3725,3022
ONION,12/20/2015,51508,711,1614,1272
ONION,4/6/2016,257954,345,842,664
ONION,4/21/2016,248760,329,820,641
ONION,6/8/2016,266447,381,938,716
ONION,7/19/2016,87521,415,968,731
ONION,10/9/2016,61459,459,881,733
ONION,12/14/2016,280607,349,974,726
ONION,3/15/2017,228354,332,663,555
ONION,5/11/2017,336827,287,608,466
ONION,5/28/2017,103575,355,742,582
ONION,7/16/2017,106581,370,782,616
ONION,9/11/2017,236253,734,1717,1394
ONION,11/16/2017,186289,1314,3398,2766
ONION,1/3/2018,227421,1606,3406,2895
ONION,1/12/2018,226001,1445,3002,2571
ONION,3/10/2018,225863,494,1026,847
ONION,5/6/2018,125773,354,841,646
ONION,8/22/2018,99191,522,1175,935
ONION,9/6/2018,155961,483,1066,841
ONION,9/13/2015,6277,2513,4533,3831
ONION,10/22/2015,29300,1363,3026,2325
ONION,1/12/2016,240826,554,1462,1106
ONION,2/24/2016,263696,404,988,772
ONION,5/16/2016,296149,327,815,607
ONION,6/11/2016,157429,372,954,715
ONION,6/24/2016,191254,388,986,737
ONION,8/20/2016,139525,315,858,627
ONION,10/27/2016,88791,323,853,626
ONION,11/20/2016,92041,547,1229,959
ONION,2/25/2017,221026,348,779,610
ONION,10/29/2017,45952,977,2963,2240
ONION,11/14/2017,184688,1021,3002,2399
ONION,1/21/2018,116599,1460,3061,2485
ONION,3/3/2018,167555,643,1197,993
ONION,3/19/2018,210413,497,886,757
ONION,4/11/2018,217724,409,790,666
ONION,4/12/2018,209870,428,858,696
ONION,5/22/2018,174537,335,787,599
ONION,6/19/2018,263229,494,1187,928
ONION,7/2/2018,304045,615,1426,1127
ONION,8/28/2018,164561,460,1078,865
ONION,9/23/2018,35473,544,1084,878
ONION,9/24/2018,234961,388,952,738
ONION,11/4/2018,26688,634,1496,1131
ONION,3/8/2015,73159,694,1605,1198
ONION,5/4/2015,127010,528,1406,1020
ONION,7/7/2015,108294,791,1949,1542
ONION,9/2/2015,44954,2292,4993,4177
ONION,11/9/2015,34827,1176,2736,2092
ONION,12/29/2015,219359,693,1890,1438
ONION,3/2/2016,279634,397,963,743
ONION,4/28/2016,199371,361,876,675
ONION,7/5/2016,130790,384,971,744
ONION,8/14/2016,70939,393,901,724
ONION,8/31/2016,152326,369,811,650
ONION,12/30/2016,315688,354,842,638
ONION,4/23/2017,85090,400,745,604
ONION,5/4/2017,349448,299,700,495
ONION,6/19/2017,330387,283,716,549
ONION,8/26/2017,87777,828,1950,1567
ONION,10/5/2017,265796,848,2115,1714
ONION,10/22/2017,46888,1127,2955,2198
ONION,12/25/2017,198554,1166,3049,2458
ONION,2/7/2018,298504,925,2031,1664
ONION,2/20/2018,304137,896,1792,1525
ONION,4/29/2018,46824,393,886,697
ONION,7/29/2018,134786,610,1316,1080
ONION,10/17/2018,172393,772,2114,1664
ONION,11/27/2018,34077,410,1007,770
ONION,1/19/2015,234969,527,1579,1178
ONION,2/13/2015,218786,627,1658,1313
ONION,3/1/2015,99587,577,1650,1228
ONION,4/7/2015,204316,510,1374,1012
ONION,4/21/2015,111467,461,1426,983
ONION,6/12/2015,142589,775,2117,1543
ONION,7/2/2015,129900,804,1897,1560
ONION,7/28/2015,91347,1681,3761,3012
ONION,9/9/2016,200168,293,789,578
ONION,11/1/2016,6356,439,854,653
ONION,12/12/2016,141153,351,1038,784
ONION,1/10/2017,422392,330,773,617
ONION,1/26/2017,23135,373,767,592
ONION,2/21/2017,43264,321,732,550
ONION,3/4/2017,201343,327,759,599
ONION,4/14/2017,105748,407,744,628
ONION,7/9/2017,123777,360,971,618
ONION,11/9/2017,181590,1079,2965,2357
ONION,9/17/2018,280539,388,998,780
ONION,11/9/2018,25170,808,1392,1160
ONION,8/21/2015,54827,2712,5689,4847
ONION,10/13/2015,75495,1262,3285,2544
ONION,12/3/2015,268631,723,2057,1534
ONION,12/18/2015,245069,650,1593,1208
ONION,2/2/2016,303961,497,1352,981
ONION,4/8/2016,90095,314,861,652
ONION,4/19/2016,56434,331,816,630
ONION,6/6/2016,248312,346,955,692
ONION,7/21/2016,120128,388,1002,759
ONION,10/7/2016,133731,312,803,607
ONION,11/21/2016,237889,383,1206,852
ONION,3/17/2017,105640,421,737,607
ONION,5/9/2017,266633,286,594,466
ONION,7/18/2017,230452,291,762,591
ONION,9/9/2017,156506,701,1783,1459
ONION,1/5/2018,288285,1661,3628,3066
ONION,1/14/2018,73706,1593,3083,2570
ONION,5/4/2018,268471,346,819,630
ONION,7/13/2018,129988,508,1306,998
ONION,9/4/2018,209646,419,1048,820
ONION,12/25/2018,141412,234,688,501
ONION,6/21/2015,65404,753,1991,1490
ONION,9/15/2015,54032,2346,4956,4145
ONION,10/20/2015,70736,1169,2755,2180
ONION,11/7/2015,167581,1087,2761,2055
ONION,1/14/2016,176051,621,1500,1168
ONION,2/26/2016,235868,403,971,754
ONION,5/14/2016,168498,324,792,600
ONION,6/9/2016,265868,404,990,759
ONION,6/26/2016,114973,363,1029,770
ONION,8/18/2016,86797,346,911,686
ONION,10/25/2016,176667,274,864,606
ONION,11/18/2016,142638,496,1160,864
ONION,10/27/2017,172651,992,2654,2118
ONION,1/23/2018,247885,1194,2858,2345
ONION,3/5/2018,204772,609,1149,965
ONION,3/17/2018,99801,491,886,755
ONION,4/9/2018,283706,420,818,672
ONION,4/27/2018,191511,378,817,644
ONION,5/24/2018,219700,333,777,600
ONION,6/17/2018,101968,495,1139,855
ONION,7/4/2018,293322,517,1304,1024
ONION,8/26/2018,120752,593,1130,924
ONION,9/21/2018,212757,371,959,742
ONION,11/2/2018,141179,499,1413,1056
ONION,1/18/2015,91501,670,1684,1197
ONION,3/10/2015,203207,638,1648,1287
ONION,5/2/2015,121227,424,1257,895
ONION,7/9/2015,103466,817,1971,1577
ONION,8/31/2015,46027,2567,5216,4430
ONION,12/27/2015,40283,749,1842,1370
ONION,1/7/2016,272808,617,1626,1232
ONION,3/4/2016,202675,417,942,737
ONION,4/26/2016,215287,336,829,647
ONION,8/16/2016,263744,323,852,651
ONION,9/2/2016,177670,297,769,585
ONION,1/1/2017,66628,388,912,725
ONION,4/21/2017,199905,338,684,554
ONION,5/2/2017,371943,253,595,457
ONION,8/28/2017,137506,899,1923,1578
ONION,10/3/2017,276265,696,1763,1420
ONION,10/20/2017,76851,854,2583,2052
ONION,12/27/2017,312157,1341,3633,2579
ONION,2/9/2018,191807,944,2090,1692
ONION,2/18/2018,158544,932,1923,1596
ONION,7/31/2018,283626,549,1237,1027
ONION,10/15/2018,217131,626,1593,1262
ONION,11/29/2018,232718,360,1081,739
ONION,1/5/2015,238692,560,1646,1211
ONION,1/21/2015,278713,498,1544,1141
ONION,2/7/2015,92049,656,1743,1375
ONION,2/16/2015,307246,742,1706,1368
ONION,2/23/2015,247868,675,1677,1277
ONION,3/21/2015,80262,455,1350,975
ONION,4/5/2015,95209,550,1387,998
ONION,4/23/2015,200019,536,1350,996
ONION,5/8/2015,197329,505,1539,1079
ONION,8/9/2016,144658,356,840,650
ONION,9/11/2016,33023,355,834,672
ONION,10/14/2016,186007,304,881,629
ONION,12/10/2016,130950,307,941,668
ONION,1/12/2017,312186,374,770,625
ONION,1/28/2017,226436,320,751,589
ONION,2/23/2017,295240,338,728,569
ONION,3/10/2017,277737,329,706,568
ONION,3/28/2017,70744,341,760,594
ONION,4/12/2017,286849,332,688,565
ONION,5/15/2017,287471,244,593,419
ONION,7/3/2017,256560,301,767,608
ONION,9/15/2017,90382,743,2098,1220
ONION,8/17/2018,142113,496,1206,960
ONION,12/18/2018,300664,243,835,584
ONION,4/14/2015,75514,528,1449,1040
ONION,6/10/2015,217485,720,2130,1553
ONION,8/15/2015,8694,1333,3900,2900
ONION,10/11/2015,25971,1237,3395,2617
ONION,12/16/2015,265876,630,1595,1223
ONION,6/4/2016,130768,354,907,676
ONION,7/23/2016,105384,419,932,711
ONION,10/5/2016,137170,266,722,544
ONION,11/16/2016,103468,445,1135,881
ONION,11/23/2016,226823,368,1119,811
ONION,1/21/2017,212345,300,730,576
ONION,3/19/2017,87946,408,769,629
ONION,7/20/2017,243122,353,815,654
ONION,8/31/2017,172744,819,2076,1706
ONION,11/20/2017,204960,1368,3620,2939
ONION,3/23/2018,207600,484,933,794
ONION,5/10/2018,275378,349,793,618
ONION,6/28/2018,217944,544,1239,996
ONION,7/15/2018,127566,732,1845,1151
ONION,9/10/2018,191351,418,1025,809
ONION,10/29/2018,210232,506,1491,1089
ONION,11/15/2018,295135,555,1471,1083
ONION,12/27/2018,396513,208,665,478
ONION,9/17/2015,19937,2508,4881,4018
ONION,10/26/2015,155958,1078,3516,2733
ONION,11/28/2015,135182,701,2284,1682
ONION,12/14/2015,277009,644,1684,1253
ONION,1/16/2016,75348,604,1526,1197
ONION,2/20/2016,136369,453,1069,821
ONION,4/17/2016,84334,354,841,657
ONION,5/11/2016,288756,362,906,729
ONION,5/20/2016,197932,294,771,577
ONION,9/18/2016,58742,357,789,588
ONION,11/2/2017,179958,1013,3018,2345
ONION,12/21/2017,339356,1388,3126,2537
ONION,1/25/2018,341771,1349,2872,2393
ONION,2/27/2018,375362,627,1258,1017
ONION,4/7/2018,143080,448,854,707
ONION,4/25/2018,184884,345,781,626
ONION,5/26/2018,129280,352,769,613
ONION,7/22/2018,63687,643,1356,1097
ONION,8/24/2018,168769,503,1146,905
ONION,9/19/2018,249783,408,1000,788
ONION,9/28/2018,179201,421,1021,793
ONION,10/22/2018,213617,637,1718,1311
ONION,11/26/2018,266137,360,1034,723
ONION,1/16/2015,74111,591,1561,1180
ONION,3/12/2015,238223,631,1602,1251
ONION,7/11/2015,62132,843,2023,1603
ONION,9/6/2015,15362,2465,4914,4082
ONION,11/13/2015,4599,1317,3529,2377
ONION,3/13/2016,95363,458,1017,818
ONION,5/2/2016,227187,364,896,688
ONION,6/20/2016,160853,405,1008,753
ONION,7/9/2016,22883,575,1108,854
ONION,8/27/2016,137090,261,780,566
ONION,10/23/2016,77234,412,907,715
ONION,11/7/2016,171362,402,1113,801
ONION,12/21/2016,320790,332,878,658
ONION,12/26/2016,333383,314,868,661
ONION,2/14/2017,315409,329,714,574
ONION,4/30/2017,76964,379,706,574
ONION,6/15/2017,270860,347,778,607
ONION,8/22/2017,239443,916,2281,1855
ONION,10/18/2017,13965,1166,2304,2046
ONION,2/16/2018,329541,850,1814,1478
ONION,4/16/2018,107066,665,1024,888
ONION,6/14/2018,229356,460,1013,795
ONION,8/2/2018,282141,568,1211,1009
ONION,10/13/2018,127531,541,1313,1004
ONION,12/1/2018,205055,346,1027,713
ONION,1/3/2015,107223,476,1662,1140
ONION,1/23/2015,227559,561,1552,1203
ONION,2/9/2015,224224,681,1716,1362
ONION,2/25/2015,263534,612,1560,1235
ONION,3/23/2015,191606,528,1290,970
ONION,4/3/2015,77169,580,1500,1088
ONION,5/6/2015,180067,530,1426,1024
ONION,6/28/2015,51181,692,1824,1382
ONION,7/31/2015,96205,1538,3594,2980
ONION,8/26/2015,54000,2429,5646,4780
ONION,8/11/2016,207093,363,855,663
ONION,11/5/2016,70187,362,1101,795
ONION,12/8/2016,223751,361,995,719
ONION,1/14/2017,81059,400,816,663
ONION,1/30/2017,456697,293,740,572
ONION,2/16/2017,281964,376,719,580
ONION,3/8/2017,370123,337,697,577
ONION,4/10/2017,291900,342,675,565
ONION,5/13/2017,177474,265,599,457
ONION,6/2/2017,4005,417,737,585
ONION,6/28/2017,200919,303,709,563
ONION,7/5/2017,296281,346,790,634
ONION,7/31/2017,340985,627,1466,1187
ONION,8/7/2017,139265,980,2407,1870
ONION,9/2/2017,67142,707,1959,1532
ONION,11/13/2018,154742,563,1582,1174
ONION,12/20/2018,350983,241,891,542
ONION,2/18/2015,113806,661,1716,1293
ONION,4/16/2015,286562,466,1296,965
ONION,6/8/2015,191675,799,2202,1556
ONION,8/17/2015,70615,1918,4555,3837
ONION,9/28/2015,59850,1426,3763,3005
ONION,10/9/2015,68694,1409,3644,2930
ONION,6/2/2016,211287,368,900,687
ONION,7/25/2016,110886,400,905,708
ONION,10/3/2016,116474,234,699,490
ONION,11/25/2016,225358,393,1076,786
ONION,1/23/2017,365795,327,758,595
ONION,3/21/2017,312747,328,667,551
ONION,7/22/2017,110674,327,787,634
ONION,9/13/2017,209165,704,1629,1327
ONION,11/18/2017,84113,1438,3617,2804
ONION,3/21/2018,213756,499,911,761
ONION,5/8/2018,237538,331,812,633
ONION,9/8/2018,167419,437,1063,833
ONION,10/31/2018,182978,556,1473,1117
ONION,9/19/2015,29752,2007,4595,3669
ONION,10/24/2015,46258,856,2971,2232
ONION,11/26/2015,247806,827,2429,1767
ONION,12/31/2015,264906,700,1859,1382
ONION,1/18/2016,280704,553,1542,1162
ONION,2/22/2016,255915,441,991,783
ONION,3/11/2016,232280,377,870,692
ONION,3/26/2016,67582,368,908,679
ONION,4/15/2016,74859,345,869,655
ONION,5/9/2016,141973,388,862,660
ONION,5/18/2016,236988,308,778,596
ONION,6/13/2016,226584,359,909,685
ONION,6/22/2016,192826,366,940,710
ONION,10/31/2017,231524,904,2920,2255
ONION,12/23/2017,156742,1198,2952,2314
ONION,1/27/2018,236811,1175,2555,2099
ONION,3/1/2018,177351,679,1287,1036
ONION,4/5/2018,189946,439,854,700
ONION,4/23/2018,188931,369,748,616
ONION,5/28/2018,169697,315,812,615
ONION,6/30/2018,177860,538,1222,968
ONION,9/26/2018,228552,413,949,755
ONION,1/14/2015,194227,461,1431,1084
ONION,3/14/2015,123192,718,1567,1257
ONION,5/21/2015,167067,571,1574,1116
ONION,7/13/2015,112843,1009,2195,1791
ONION,9/4/2015,32941,2354,4738,3942
ONION,11/2/2015,149121,1113,2979,2231
ONION,11/11/2015,238,1625,2875,2400
ONION,4/30/2016,114299,374,896,671
ONION,7/7/2016,159847,406,984,771
ONION,8/29/2016,263738,279,772,584
ONION,10/21/2016,177446,346,898,647
ONION,12/19/2016,295908,337,924,691
ONION,12/28/2016,305240,322,851,647
ONION,6/17/2017,214957,347,775,597
ONION,8/24/2017,252261,888,2068,1702
ONION,10/16/2017,91147,971,2428,2005
ONION,2/14/2018,305468,982,1955,1653
ONION,4/14/2018,40845,574,922,788
ONION,6/12/2018,193639,408,1014,773
ONION,8/4/2018,185253,643,1284,1058
ONION,10/11/2018,187111,515,1283,989
ONION,11/24/2018,126820,409,1099,800
ONION,12/3/2018,314746,317,945,680
ONION,1/9/2015,259996,471,1562,1150
ONION,4/1/2015,89451,588,1474,1042
ONION,5/28/2015,126727,646,1779,1283
ONION,6/22/2015,194915,826,1992,1596
ONION,8/28/2015,29589,2430,5389,4484
ONION,9/12/2015,21603,2225,5131,4070
ONION,2/23/2016,221633,403,998,779
ONION,5/15/2016,129801,369,845,667
ONION,8/5/2016,136151,357,882,681
ONION,10/26/2016,123491,302,861,614
ONION,1/16/2017,371461,297,743,582
ONION,3/24/2017,226392,335,697,575
ONION,4/8/2017,147210,272,673,542
ONION,6/4/2017,12388,462,816,691
ONION,9/4/2017,271376,878,2001,1649
ONION,9/19/2017,143113,600,1551,1223
ONION,11/15/2017,152435,1235,3249,2711
ONION,12/10/2017,66279,1477,3564,2680
ONION,3/2/2018,43572,656,1328,1114
ONION,4/13/2018,212086,364,791,639
ONION,5/23/2018,231326,338,770,592
ONION,8/13/2018,266717,549,1163,967
ONION,11/3/2018,147306,592,1429,1093
ONION,12/30/2018,56861,323,832,614
ONION,2/3/2015,163555,657,1767,1343
ONION,3/7/2015,76513,651,1674,1297
ONION,5/3/2015,92847,481,1390,950
ONION,10/7/2015,71511,1453,3680,3067
ONION,11/8/2015,22548,1447,2848,2272
ONION,12/28/2015,231997,716,1770,1366
ONION,1/29/2016,318076,488,1376,993
ONION,8/15/2016,41109,342,857,666
ONION,8/30/2016,140354,340,787,617
ONION,9/16/2016,127419,282,748,528
ONION,10/1/2016,109372,259,710,504
ONION,11/27/2016,61700,515,1066,828
ONION,5/3/2017,363011,287,618,478
ONION,7/24/2017,238945,329,877,697
ONION,8/25/2017,48252,905,1973,1620
ONION,10/6/2017,277374,920,2156,1734
ONION,10/21/2017,1649,1173,2565,2000
ONION,3/12/2018,265751,466,1112,775
ONION,3/27/2018,32974,565,975,805
ONION,4/28/2018,86259,328,770,597
ONION,6/24/2018,137783,552,1250,948
ONION,11/28/2018,246717,351,1048,732
ONION,12/23/2018,70682,323,858,654
ONION,1/2/2015,183317,612,1568,1147
ONION,2/10/2015,213714,611,1668,1286
ONION,2/28/2015,75094,692,1610,1245
ONION,4/8/2015,245275,434,1343,993
ONION,6/15/2015,189647,875,2135,1607
ONION,6/29/2015,145322,813,1918,1522
ONION,8/11/2015,65109,1632,3817,3166
ONION,12/10/2015,289037,670,1651,1241
ONION,4/13/2016,257694,351,848,663
ONION,10/18/2016,210642,304,916,654
ONION,2/17/2017,383513,302,708,556
ONION,2/20/2017,306046,329,735,577
ONION,4/15/2017,207817,309,709,559
ONION,6/22/2017,268212,309,729,565
ONION,8/18/2017,194176,929,2250,1856
ONION,9/26/2017,302241,716,1701,1374
ONION,12/3/2017,82097,1390,3367,2599
ONION,12/17/2017,71361,1628,3423,2728
ONION,1/29/2018,305153,1007,2336,1867
ONION,4/21/2018,103132,395,787,624
ONION,5/30/2018,227947,389,941,728
ONION,8/6/2018,271598,543,1196,970
ONION,10/2/2018,72680,531,1076,858
ONION,4/19/2015,143352,523,1369,986
ONION,4/26/2015,120934,471,1338,950
ONION,8/18/2015,44983,2076,4570,3439
ONION,10/14/2015,80065,1267,3003,2450
ONION,10/31/2015,112455,1200,2928,2282
ONION,12/21/2015,326618,707,1670,1284
ONION,2/16/2016,245765,411,1020,787
ONION,4/20/2016,281528,351,859,653
ONION,6/16/2016,169155,394,986,749
ONION,8/23/2016,264536,320,861,643
ONION,10/8/2016,97460,256,851,610
ONION,12/15/2016,319592,358,994,729
ONION,2/10/2017,361832,336,699,558
ONION,4/25/2017,288674,301,649,517
ONION,6/11/2017,129204,404,879,682
ONION,7/2/2017,110564,427,852,668
ONION,10/14/2017,157612,927,2488,1957
ONION,2/5/2018,189224,993,2260,1880
ONION,2/12/2018,334252,924,1978,1660
ONION,4/3/2018,100444,470,871,719
ONION,6/10/2018,66407,490,1062,796
ONION,10/9/2018,120493,456,1173,895
ONION,12/5/2018,316366,299,897,642
ONION,2/21/2015,134674,611,1752,1328
ONION,3/18/2015,269706,586,1442,1122
ONION,5/10/2015,103125,484,1643,1106
ONION,8/4/2015,66115,1787,3886,3231
ONION,10/21/2015,80741,1031,2741,2076
ONION,12/2/2015,216368,826,2115,1577
ONION,1/15/2016,95148,606,1469,1104
ONION,6/27/2016,240123,375,978,732
ONION,8/19/2016,216889,304,840,631
ONION,11/19/2016,125700,388,1157,818
ONION,12/4/2016,61417,398,983,724
ONION,5/17/2017,234592,254,603,457
ONION,8/11/2017,349229,960,2434,1973
ONION,10/28/2017,104518,904,2867,2181
ONION,12/9/2017,139067,1520,3605,2892
ONION,1/7/2018,67546,1661,3462,2720
ONION,1/22/2018,315379,1342,2903,2444
ONION,3/16/2018,227416,497,896,754
ONION,4/10/2018,200401,411,818,677
ONION,6/16/2018,88580,455,1043,817
ONION,7/5/2018,251934,620,1332,1088
ONION,8/27/2018,167861,461,1065,842
ONION,12/16/2018,56484,348,956,718
ONION,4/12/2015,140787,540,1309,964
ONION,6/4/2015,129609,744,2033,1481
ONION,7/10/2015,114765,755,1999,1539
ONION,9/1/2015,40464,2256,4838,4129
ONION,2/9/2016,280688,427,1110,816
ONION,4/27/2016,198862,342,825,664
ONION,5/29/2016,142635,381,922,714
ONION,7/14/2016,51430,535,1085,864
ONION,1/2/2017,404637,339,874,680
ONION,1/19/2017,355815,325,725,589
ONION,2/3/2017,354301,294,925,559
ONION,4/22/2017,124355,305,677,538
ONION,9/30/2017,115279,686,1627,1301
ONION,11/7/2017,162709,980,3124,2389
ONION,11/22/2017,182583,1504,3796,3141
ONION,12/28/2017,230511,1426,3136,2593
ONION,2/8/2018,269794,914,1935,1604
ONION,2/19/2018,74316,1029,1746,1504
ONION,7/30/2018,298839,553,1208,997
ONION,10/16/2018,178990,692,1929,1487
ONION,10/27/2018,162131,562,1587,1171
ONION,11/17/2018,179311,505,1272,954
ONION,1/20/2015,170825,512,1696,1206
ONION,4/22/2015,110300,510,1337,1006
ONION,5/17/2015,88060,624,1604,1132
ONION,7/24/2015,101608,1216,2862,2361
ONION,7/27/2015,42757,1583,3310,2750
ONION,10/28/2015,127645,1188,3389,2596
ONION,11/22/2015,66629,1129,2525,1873
ONION,1/22/2016,291449,579,1495,1121
ONION,3/30/2016,118604,419,921,712
ONION,5/4/2016,304510,324,850,653
ONION,5/22/2016,94665,368,820,655
ONION,7/4/2016,3084,479,1000,779
ONION,7/29/2016,134091,351,887,675
ONION,9/10/2016,149066,267,791,574
ONION,9/20/2016,205262,283,697,523
ONION,11/2/2016,28530,405,906,674
ONION,1/9/2017,460746,317,809,625
ONION,1/27/2017,167936,335,754,588
ONION,3/3/2017,335101,374,737,599
ONION,7/10/2017,265411,308,723,568
ONION,8/3/2017,254913,818,2216,1750
ONION,11/8/2017,164833,1159,3092,2459
ONION,5/12/2018,134166,359,779,612
ONION,5/15/2018,161613,375,799,625
ONION,7/12/2018,215358,602,1336,1102
ONION,9/18/2018,239851,389,1024,802
ONION,11/10/2018,33720,659,1467,1074
ONION,1/27/2015,188227,542,1547,1168
ONION,7/17/2015,110348,879,2242,1751
ONION,9/23/2015,86417,1551,3911,3137
ONION,11/15/2015,24882,1381,3506,2580
ONION,3/15/2016,203296,409,911,730
ONION,4/9/2016,151020,326,834,644
ONION,7/22/2016,110609,412,974,744
ONION,11/9/2016,195700,382,1104,805
ONION,3/18/2017,144519,347,714,585
ONION,5/10/2017,194222,308,629,501
ONION,5/27/2017,162508,250,635,474
ONION,7/17/2017,241258,296,736,581
ONION,9/8/2017,255922,793,1788,1449
ONION,1/4/2018,253001,1708,3480,2963
ONION,1/15/2018,146625,1418,3058,2524
ONION,5/5/2018,165849,339,805,625
ONION,9/3/2018,151173,462,1093,854
ONION,1/13/2015,194998,450,1455,1081
ONION,3/3/2015,170650,629,1568,1222
ONION,3/28/2015,36378,450,1506,1058
ONION,6/18/2015,137972,870,2066,1642
ONION,7/21/2015,143037,1118,2610,2113
ONION,9/8/2015,31420,2254,5144,4298
ONION,11/4/2015,153228,1258,2918,2302
ONION,12/7/2015,284382,653,1847,1346
ONION,2/4/2016,238468,485,1234,928
ONION,2/27/2016,139449,427,1014,779
ONION,8/1/2016,134474,352,899,699
ONION,9/27/2016,154842,266,643,471
ONION,10/30/2016,14321,486,721,664
ONION,4/4/2017,120252,341,731,605
ONION,6/25/2017,79615,362,779,632
ONION,7/28/2017,216338,568,1407,1125
ONION,9/23/2017,165908,680,1828,1462
ONION,11/11/2017,101315,1052,2886,2236
ONION,12/14/2017,267459,1586,3587,2847
ONION,2/11/2018,122425,905,2040,1573
ONION,3/6/2018,182723,660,1236,1020
ONION,8/9/2018,12708,572,1170,988
ONION,10/5/2018,210577,432,1127,863
ONION,11/7/2018,6586,733,1408,1117
ONION,1/30/2015,193567,572,1633,1244
ONION,4/29/2015,168721,492,1294,946
ONION,10/3/2015,56660,1439,3724,3022
ONION,12/24/2015,58788,705,1601,1238
ONION,1/8/2016,327120,647,1591,1223
ONION,1/25/2016,332366,568,1432,1091
ONION,3/7/2016,39018,388,902,717
ONION,3/22/2016,157993,374,879,701
ONION,9/3/2016,132528,322,831,630
ONION,3/11/2017,128420,337,742,589
ONION,5/7/2017,115919,364,647,543
ONION,6/8/2017,86877,365,833,661
ONION,8/4/2017,317228,878,2465,1892
ONION,8/29/2017,119543,767,1978,1602
ONION,10/2/2017,58934,833,1641,1409
ONION,2/2/2018,253591,781,1702,1347
ONION,3/31/2018,73332,469,872,722
ONION,5/2/2018,300559,377,829,656
ONION,5/19/2018,173096,349,761,596
ONION,6/20/2018,305058,485,1183,917
ONION,2/14/2015,105099,655,1692,1328
ONION,6/19/2015,175097,808,2041,1559
ONION,7/3/2015,133145,773,1927,1510
ONION,8/7/2015,62499,1738,3687,3086
ONION,9/9/2015,35006,2597,5419,4419
ONION,10/18/2015,29207,1065,2911,2194
ONION,11/5/2015,203597,1206,2929,2255
ONION,12/6/2015,56027,817,1875,1448
ONION,1/3/2016,68579,831,1777,1433
ONION,9/13/2016,120798,231,663,486
ONION,4/29/2017,145785,304,664,513
ONION,5/24/2017,267065,276,635,470
ONION,6/26/2017,49246,351,703,569
ONION,8/14/2017,219195,917,2229,1785
ONION,9/22/2017,212928,755,1800,1453
ONION,10/25/2017,174671,1120,2927,2304
ONION,12/13/2017,319318,1599,3721,3039
ONION,4/17/2018,240099,368,763,620
ONION,6/3/2018,50591,534,1113,877
ONION,8/10/2018,118275,514,1171,929
ONION,10/6/2018,156143,459,1066,839
ONION,12/9/2018,56465,427,1005,759
ONION,3/4/2015,207983,601,1635,1257
ONION,4/30/2015,161209,639,1478,1122
ONION,8/22/2015,42941,2672,6031,5006
ONION,12/25/2015,65832,595,1676,1210
ONION,2/12/2016,213269,418,1048,788
ONION,3/8/2016,188497,416,920,739
ONION,4/24/2016,86028,355,882,684
ONION,10/12/2016,36441,296,812,605
ONION,11/30/2016,239738,322,1032,712
ONION,2/6/2017,356497,299,707,552
ONION,4/19/2017,274003,324,679,549
ONION,6/7/2017,61732,404,1079,657
ONION,7/27/2017,214466,497,1182,953
ONION,10/10/2017,229770,916,2489,2011
ONION,11/4/2017,82938,1153,3147,2563
ONION,11/29/2017,307534,1519,3605,2937
ONION,2/1/2018,330329,971,1935,1614
ONION,3/30/2018,86245,499,966,797
ONION,6/6/2018,203376,402,929,727
ONION,6/21/2018,297057,559,1259,993
ONION,8/19/2018,144564,561,1246,998
ONION,5/14/2015,156041,514,1524,1058
ONION,8/8/2015,35981,1749,3714,3191
ONION,10/17/2015,56504,1008,2612,2016
ONION,1/11/2016,306796,567,1457,1108
ONION,4/2/2016,64670,396,886,684
ONION,5/25/2016,207208,322,860,636
ONION,7/1/2016,178520,396,992,756
ONION,2/28/2017,360383,308,701,563
ONION,5/21/2017,82937,319,658,528
ONION,7/13/2017,197375,313,734,581
ONION,8/15/2017,8939,952,1906,1644
ONION,10/7/2017,136728,976,2189,1805
ONION,10/24/2017,168466,1003,3049,2334
ONION,12/5/2017,194023,1306,3349,2653
ONION,1/18/2018,262891,1418,3028,2537
ONION,7/9/2018,279823,525,1301,1037
ONION,12/12/2018,298072,254,824,584
ONION,5/24/2015,81581,585,1767,1185
ONION,5/31/2015,80381,644,2209,1475
ONION,6/25/2015,116000,782,1938,1548
ONION,7/6/2015,145337,840,1952,1593
ONION,8/25/2015,71008,2417,5637,4624
ONION,9/26/2015,32892,1527,3855,3134
ONION,11/18/2015,179227,1008,2909,2215
ONION,2/13/2016,131638,423,1043,792
ONION,4/23/2016,128769,330,819,635
ONION,10/11/2016,51721,308,912,602
ONION,1/6/2017,424421,336,843,646
ONION,2/7/2017,397487,302,718,559
ONION,4/1/2017,66867,373,769,635
ONION,4/18/2017,342449,323,680,545
ONION,4/28/2017,143656,401,711,573
ONION,5/30/2017,312941,286,658,506
ONION,7/14/2017,171360,314,739,574
ONION,9/5/2017,33756,797,1995,1593
ONION,11/3/2017,162224,1078,3168,2525
ONION,11/26/2017,58787,1814,4046,3100
ONION,1/1/2018,277557,1437,3336,2763
ONION,2/23/2018,404099,849,1635,1376
ONION,7/19/2018,240392,567,1273,1056
ONION,7/26/2018,138166,657,1291,1086
ONION,8/20/2018,322555,505,1170,951
ONION,8/31/2018,163938,483,1083,868
ONION,10/20/2018,362703,667,1795,1363
ONION,11/21/2018,170248,358,1060,772
ONION,1/12/2015,208163,456,1417,1099
ONION,5/13/2015,192877,515,1482,1032
ONION,7/20/2015,114145,1019,2463,2025
ONION,2/5/2016,263319,498,1236,904
ONION,3/1/2016,270225,399,973,760
ONION,4/3/2016,97019,373,937,743
ONION,5/26/2016,184042,341,906,686
ONION,6/30/2016,164425,379,974,755
ONION,8/2/2016,84973,354,857,643
ONION,9/6/2016,124366,298,877,645
ONION,9/24/2016,97233,290,741,540
ONION,10/29/2016,2930,399,740,582
ONION,12/1/2016,261154,335,990,693
ONION,2/27/2017,420314,336,767,609
ONION,11/12/2017,46230,1351,2941,2414
ONION,12/6/2017,212540,1479,3517,2829
ONION,1/10/2018,300003,1527,3159,2663
ONION,1/19/2018,260739,1334,3064,2568
ONION,3/9/2018,272609,497,1028,838
ONION,7/8/2018,99937,630,1402,1084
ONION,8/30/2018,202371,476,1087,864
ONION,9/14/2018,249335,414,1002,789
ONION,11/6/2018,16230,827,1508,1230
ONION,1/31/2015,109869,614,1621,1247
ONION,3/25/2015,159009,478,1315,989
ONION,5/23/2015,98384,488,1603,1058
ONION,6/1/2015,188315,703,2430,1387
ONION,11/19/2015,199464,1215,2856,2206
ONION,1/26/2016,9496,765,1424,1119
ONION,3/19/2016,126649,365,850,671
ONION,7/18/2016,114677,411,976,756
ONION,8/12/2016,199425,326,834,634
ONION,11/13/2016,27352,471,1089,847
ONION,1/5/2017,423237,342,855,669
ONION,3/14/2017,231361,341,674,553
ONION,5/6/2017,210725,280,720,480
ONION,5/31/2017,318119,286,662,507
ONION,12/31/2017,61575,1416,3244,2496
ONION,2/22/2018,365938,877,1715,1442
ONION,5/1/2018,23737,438,796,664
ONION,5/20/2018,76485,384,823,622
ONION,7/18/2018,275053,538,1273,1037
ONION,7/27/2018,125183,579,1304,1062
ONION,10/19/2018,149923,748,1969,1512
ONION,8/10/2015,59751,1884,3777,3260
ONION,9/20/2015,18745,2369,4763,3897
ONION,11/25/2015,139179,809,2401,1735
ONION,12/11/2015,112991,692,1754,1310
ONION,1/21/2016,229756,604,1520,1147
ONION,3/27/2016,90610,378,936,747
ONION,4/12/2016,240882,358,840,661
ONION,5/7/2016,221343,345,826,635
ONION,5/8/2016,97673,339,797,633
ONION,5/23/2016,203655,301,850,623
ONION,9/23/2016,101123,301,714,516
ONION,10/19/2016,238528,314,864,619
ONION,8/17/2017,124072,950,2326,1881
ONION,9/27/2017,264292,733,1710,1401
ONION,12/2/2017,207850,1233,3082,2370
ONION,12/18/2017,208273,1567,3238,2699
ONION,1/28/2018,145467,1117,2490,1950
ONION,4/4/2018,155049,428,877,710
ONION,4/20/2018,127656,361,751,613
ONION,5/16/2018,368249,323,737,580
ONION,5/31/2018,233515,381,922,723
ONION,10/1/2018,279480,428,1048,809
ONION,1/26/2015,18826,350,1501,1125
ONION,3/15/2015,114403,683,1680,1250
ONION,3/24/2015,126458,493,1242,905
ONION,5/20/2015,213801,472,1556,1073
ONION,5/29/2015,150567,666,1887,1339
ONION,7/16/2015,56730,1038,2229,1861
ONION,11/1/2015,45135,1183,3087,2337
ONION,11/16/2015,151706,969,3315,2401
ONION,2/15/2016,254459,411,1029,785
ONION,3/18/2016,171214,401,833,675
ONION,6/17/2016,142472,361,953,702
ONION,8/22/2016,283823,315,838,634
ONION,11/12/2016,49743,437,1103,819
ONION,2/9/2017,364994,306,723,557
ONION,4/26/2017,124802,306,664,530
ONION,6/12/2017,234393,337,754,583
ONION,7/1/2017,131405,279,960,576
ONION,10/13/2017,214263,953,2419,1934
ONION,2/6/2018,232590,912,2378,1917
ONION,2/13/2018,75626,923,2042,1651
ONION,6/9/2018,98056,461,1002,773
ONION,7/21/2018,97675,622,1288,1065
ONION,8/5/2018,97567,629,1266,1030
ONION,10/10/2018,207862,477,1184,905
ONION,12/6/2018,264081,319,908,660
ONION,1/10/2015,169157,440,1533,1113
ONION,2/20/2015,297255,637,1634,1302
ONION,3/31/2015,65843,575,1467,1056
ONION,5/11/2015,185020,530,1542,1080
ONION,5/27/2015,133091,620,1682,1195
ONION,8/3/2015,83496,1754,3769,3149
ONION,8/27/2015,43386,2534,5573,4696
ONION,4/5/2016,253335,377,888,704
ONION,8/4/2016,125160,356,858,672
ONION,12/7/2016,219971,329,915,670
ONION,12/23/2016,270744,345,816,624
ONION,1/15/2017,58603,362,820,631
ONION,3/25/2017,173901,367,730,602
ONION,4/7/2017,252105,279,644,520
ONION,5/20/2017,150760,293,672,513
ONION,6/3/2017,5840,443,724,606
ONION,6/29/2017,219483,311,738,564
ONION,8/10/2017,339389,957,2469,2027
ONION,9/18/2017,111515,669,1562,1257
ONION,8/14/2018,263490,486,1179,952
ONION,12/13/2018,254947,290,845,602
ONION,12/31/2018,275842,248,799,586
ONION,2/2/2015,215818,641,1751,1377
ONION,2/19/2015,77986,711,1776,1428
ONION,4/11/2015,154308,446,1279,909
ONION,6/7/2015,77353,745,2334,1609
ONION,6/24/2015,131737,681,1861,1470
ONION,10/6/2015,76088,1456,3619,2941
ONION,1/28/2016,295948,538,1444,1053
ONION,2/8/2016,118615,486,1179,906
ONION,3/25/2016,50343,315,853,642
ONION,6/1/2016,221464,309,961,638
ONION,7/11/2016,5136,637,1050,891
ONION,7/28/2016,137069,379,875,684
ONION,9/17/2016,111210,281,728,543
ONION,9/30/2016,42001,318,738,552
ONION,11/26/2016,118887,344,1135,739
ONION,2/2/2017,342243,326,719,566
ONION,3/31/2017,71546,416,761,603
ONION,7/23/2017,127547,422,858,671
ONION,9/29/2017,168787,720,1730,1430
ONION,11/25/2017,64428,1750,4108,3393
ONION,3/13/2018,271341,475,1121,793
ONION,3/26/2018,305503,483,944,795
ONION,6/25/2018,279662,502,1188,925
ONION,11/20/2018,147434,439,1212,890
ONION,5/18/2015,118345,610,1516,1121
ONION,7/23/2015,113878,1354,2900,2404
ONION,8/12/2015,66616,1658,3809,3268
ONION,11/23/2015,268579,879,2344,1736
ONION,12/13/2015,57625,737,1731,1347
ONION,1/4/2016,364034,647,1746,1335
ONION,1/23/2016,175808,543,1472,1105
ONION,2/17/2016,253696,445,1041,795
ONION,3/29/2016,120590,395,923,731
ONION,5/5/2016,258565,335,827,635
ONION,5/21/2016,108871,353,786,597
ONION,7/30/2016,124528,342,879,666
ONION,9/21/2016,117181,261,664,483
ONION,10/17/2016,195972,336,880,657
ONION,5/25/2017,142696,310,691,533
ONION,8/19/2017,102326,938,2352,1869
ONION,9/25/2017,109363,715,1725,1362
ONION,11/30/2017,359105,1530,3561,2827
ONION,12/20/2017,380502,1482,3133,2647
ONION,1/30/2018,46658,1245,2233,1821
ONION,2/24/2018,256728,788,1513,1272
ONION,4/18/2018,108264,419,771,640
ONION,5/13/2018,84162,386,823,636
ONION,5/14/2018,322814,350,760,597
ONION,6/2/2018,104758,468,992,759
ONION,8/7/2018,324095,453,1179,953
ONION,9/29/2018,146238,431,1048,824
ONION,10/25/2018,201550,635,1765,1332
ONION,1/28/2015,225888,525,1536,1198
ONION,7/18/2015,25986,751,2246,1720
ONION,9/22/2015,63769,1692,4276,3450
ONION,10/30/2015,114397,1196,3215,2545
ONION,11/14/2015,69380,1160,3283,2455
ONION,3/5/2016,135104,362,927,713
ONION,3/16/2016,207293,414,890,710
ONION,6/19/2016,100152,393,1070,809
ONION,7/10/2016,25070,579,1113,902
ONION,8/24/2016,249381,323,840,650
ONION,11/10/2016,136231,370,1080,774
ONION,12/22/2016,327699,344,1063,659
ONION,12/25/2016,55130,353,914,704
ONION,2/11/2017,195863,341,761,608
ONION,6/14/2017,320520,339,771,604
ONION,8/6/2017,135439,1059,2412,1917
ONION,10/11/2017,276072,1071,2548,2089
ONION,4/2/2018,92490,491,884,731
ONION,6/7/2018,166233,448,959,745
ONION,10/8/2018,179653,485,1094,855
ONION,12/8/2018,207427,308,902,631
ONION,1/8/2015,214783,550,1616,1180
ONION,2/22/2015,83229,621,1703,1229
ONION,3/17/2015,263444,742,1538,1194
ONION,3/20/2015,125558,728,1530,1216
ONION,3/29/2015,83774,597,1313,959
ONION,5/9/2015,133272,465,1478,1030
ONION,8/5/2015,76524,1787,3833,3258
ONION,8/29/2015,14130,2474,5622,4509
ONION,8/6/2016,114480,353,895,692
ONION,9/28/2016,145875,262,664,478
ONION,10/13/2016,215005,305,844,625
ONION,12/5/2016,160893,335,950,679
ONION,1/17/2017,292937,323,740,579
ONION,3/27/2017,105286,370,760,616
ONION,4/5/2017,189445,328,685,562
ONION,5/18/2017,196753,268,616,472
ONION,6/5/2017,30766,428,772,610
ONION,8/12/2017,256781,873,2387,1922
ONION,9/16/2017,60071,697,1574,1265
ONION,12/11/2017,267149,1484,3679,2962
ONION,1/6/2018,176565,1752,3486,2920
ONION,8/16/2018,190764,482,1163,929
ONION,12/15/2018,209830,249,868,615
ONION,2/4/2015,213436,632,1824,1396
ONION,4/13/2015,240077,487,1360,1002
ONION,6/5/2015,155815,705,2028,1439
ONION,10/4/2015,19595,1719,3829,2949
ONION,1/30/2016,200566,532,1385,1049
ONION,2/10/2016,269361,390,1087,780
ONION,3/23/2016,83438,371,1014,833
ONION,5/30/2016,227454,326,866,655
ONION,7/13/2016,4805,619,1066,888
ONION,11/28/2016,202701,317,1144,720
ONION,2/4/2017,206469,352,749,595
ONION,3/29/2017,63007,357,763,608
ONION,7/25/2017,289786,378,922,743
ONION,10/1/2017,75335,754,1678,1357
ONION,11/6/2017,197565,1080,3276,2605
ONION,11/23/2017,233597,1602,4107,3332
ONION,3/15/2018,236986,469,865,735
ONION,3/24/2018,136575,501,972,817
ONION,6/27/2018,250908,462,1203,948
ONION,9/11/2018,204088,445,1064,843
ONION,10/26/2018,156863,608,1708,1276
ONION,11/18/2018,67894,556,1325,1004
ONION,9/16/2015,59649,2413,4914,4154
ONION,10/27/2015,109698,1282,3499,2739
ONION,11/29/2015,45110,1019,2472,1873
ONION,12/15/2015,236661,638,1634,1221
ONION,1/17/2016,46808,659,1616,1238
ONION,2/19/2016,90460,424,1005,762
ONION,4/16/2016,145014,359,859,662
ONION,5/3/2016,237085,356,872,667
ONION,5/12/2016,227541,341,804,618
ONION,5/19/2016,234534,312,794,601
ONION,6/21/2016,148112,401,1022,773
ONION,8/17/2016,147036,372,875,674
ONION,9/19/2016,239623,252,702,520
ONION,10/15/2016,131894,327,878,630
ONION,11/17/2016,129970,422,1171,865
ONION,12/22/2017,307256,1254,2954,2466
ONION,1/24/2018,300601,1410,2914,2487
ONION,2/26/2018,347985,682,1339,1103
ONION,4/8/2018,51433,524,948,774
ONION,4/24/2018,151592,341,773,624
ONION,5/27/2018,49170,400,853,652
ONION,6/29/2018,204399,537,1294,1024
ONION,7/23/2018,81105,673,1293,1052
ONION,8/25/2018,200797,493,1153,910
ONION,9/20/2018,148941,460,982,773
ONION,9/27/2018,228639,413,972,735
ONION,10/23/2018,171370,641,1784,1356
ONION,11/25/2018,67832,485,1106,836
ONION,1/15/2015,101594,549,1525,1131
ONION,3/11/2015,126986,675,1678,1323
ONION,7/12/2015,44751,943,2218,1779
ONION,11/12/2015,56123,1295,3473,2448
ONION,3/14/2016,274523,383,858,676
ONION,7/8/2016,191356,381,1004,769
ONION,8/26/2016,242983,285,801,596
ONION,10/22/2016,144855,249,878,595
ONION,11/8/2016,153429,363,1094,784
ONION,12/20/2016,318514,339,911,688
ONION,12/27/2016,247601,331,834,635
ONION,2/13/2017,336199,314,700,552
ONION,6/16/2017,294328,355,771,593
ONION,8/21/2017,56377,1065,2346,1968
ONION,10/17/2017,64182,916,2328,1854
ONION,2/17/2018,174976,892,1837,1500
ONION,6/13/2018,114858,467,1019,777
ONION,8/1/2018,288596,518,1197,988
ONION,10/14/2018,60414,569,1406,1069
ONION,12/2/2018,79574,470,1048,824
ONION,1/6/2015,202247,539,1607,1507
ONION,1/22/2015,239326,479,1551,1120
ONION,2/15/2015,86121,676,1752,1314
ONION,2/24/2015,241097,675,1631,1270
ONION,3/22/2015,68819,550,1337,973
ONION,4/4/2015,71301,503,1396,1014
ONION,4/24/2015,189258,479,1364,975
ONION,5/7/2015,171907,494,1533,1065
ONION,8/8/2016,134679,366,845,663
ONION,9/12/2016,126899,343,817,623
ONION,12/11/2016,70568,424,1055,792
ONION,1/11/2017,447086,287,763,589
ONION,1/29/2017,93089,401,786,641
ONION,2/24/2017,68489,371,821,642
ONION,3/9/2017,316797,357,705,568
ONION,4/11/2017,266807,315,670,547
ONION,5/16/2017,248094,261,606,460
ONION,7/4/2017,128958,347,779,617
ONION,9/1/2017,229974,868,2030,1647
ONION,9/14/2017,178020,635,1567,1250
ONION,12/17/2018,330316,258,796,566
ONION,2/6/2015,245492,618,1699,1290
ONION,4/15/2015,234459,483,1321,998
ONION,6/11/2015,195888,791,2143,1569
ONION,7/30/2015,91536,1898,3702,3156
ONION,8/14/2015,23353,1850,3749,3124
ONION,9/27/2015,17257,1629,3900,3099
ONION,10/10/2015,54514,1366,3613,2836
ONION,12/17/2015,201927,674,1598,1231
ONION,2/1/2016,311940,522,1358,1016
ONION,6/5/2016,125375,418,998,757
ONION,7/24/2016,143689,379,926,726
ONION,10/4/2016,124030,261,751,543
ONION,11/22/2016,237005,393,1188,873
ONION,1/20/2017,341692,336,733,602
ONION,3/20/2017,292371,340,698,572
ONION,7/19/2017,248966,329,770,612
ONION,11/21/2017,184250,1288,3522,2758
ONION,3/22/2018,211323,515,950,797
ONION,5/11/2018,196065,305,771,588
ONION,7/14/2018,196766,537,1274,1013
ONION,9/9/2018,80713,490,1081,852
ONION,10/28/2018,58345,663,1590,1195
ONION,11/16/2018,260492,468,1338,964
ONION,12/26/2018,287831,208,661,463
ONION,9/18/2015,20496,2174,5067,3921
ONION,10/25/2015,7360,1367,3336,2471
ONION,11/27/2015,159117,804,2259,1624
ONION,12/30/2015,290248,719,1803,1390
ONION,1/19/2016,257291,567,1524,1145
ONION,2/21/2016,74190,498,1091,898
ONION,4/14/2016,68190,745,1192,1030
ONION,5/10/2016,184160,321,813,620
ONION,5/17/2016,234162,310,800,604
ONION,6/12/2016,120225,430,976,737
ONION,6/23/2016,188617,392,987,761
ONION,7/15/2016,70962,411,1001,758
ONION,11/1/2017,194506,1101,2976,2418
ONION,12/4/2017,330419,1288,3086,2492
ONION,1/26/2018,33517,600,2713,2150
ONION,2/28/2018,262981,640,1203,984
ONION,3/20/2018,196279,487,922,767
ONION,4/6/2018,201889,412,839,698
ONION,4/22/2018,46112,358,780,619
ONION,5/18/2018,255384,309,766,572
ONION,5/29/2018,167905,328,865,658
ONION,7/1/2018,123481,600,1372,1065
ONION,8/23/2018,232796,525,1147,956
ONION,9/25/2018,81323,497,1081,848
ONION,10/21/2018,71028,716,1794,1375
ONION,3/13/2015,283198,614,1609,1256
ONION,7/14/2015,96051,886,2236,1718
ONION,9/5/2015,27147,2218,4695,3912
ONION,11/10/2015,23274,1443,3065,2281
ONION,3/12/2016,149765,367,876,675
ONION,5/1/2016,37552,416,910,736
ONION,7/6/2016,83517,404,1131,709
ONION,8/28/2016,100029,334,806,630
ONION,10/20/2016,266882,322,868,636
ONION,11/6/2016,61754,424,1091,838
ONION,12/18/2016,76637,402,993,775
ONION,12/29/2016,135815,346,907,646
ONION,6/18/2017,182964,373,837,643
ONION,8/23/2017,268945,919,2131,1751
ONION,10/15/2017,54142,1015,2377,1813
ONION,12/24/2017,71098,1464,3102,2468
ONION,2/15/2018,198189,922,1963,1602
ONION,4/15/2018,52030,470,864,715
ONION,6/11/2018,200464,389,970,732
ONION,8/3/2018,248872,530,1205,991
ONION,10/12/2018,176891,535,1375,1070
ONION,11/23/2018,132379,414,1166,820
ONION,12/4/2018,273112,334,965,702
ONION,1/4/2015,40997,545,1687,1125
ONION,1/24/2015,129615,522,1484,1120
ONION,2/8/2015,105848,721,1800,1347
ONION,2/17/2015,43035,663,1916,1381
ONION,2/26/2015,231256,613,1562,1167
ONION,4/2/2015,82510,578,1420,1011
ONION,5/5/2015,187448,445,1507,1017
ONION,8/1/2015,50692,1632,3685,3123
ONION,8/10/2016,140440,397,884,699
ONION,12/9/2016,237990,356,968,713
ONION,1/13/2017,258374,332,739,585
ONION,1/31/2017,345811,325,727,575
ONION,2/15/2017,401785,337,699,555
ONION,3/7/2017,341180,324,689,562
ONION,4/9/2017,105378,397,737,604
ONION,5/14/2017,106389,306,878,499
ONION,6/1/2017,39638,378,675,554
ONION,7/6/2017,306811,329,760,601
ONION,7/30/2017,178559,602,1497,1127
ONION,8/8/2017,281267,908,2519,2017
ONION,9/3/2017,97353,908,2143,1662
ONION,11/14/2018,208737,564,1537,1149
ONION,12/19/2018,306298,248,767,551
ONION,4/17/2015,224423,482,1332,971
ONION,6/9/2015,167651,852,2167,1568
ONION,8/16/2015,28199,1919,4569,3669
ONION,9/29/2015,80328,1478,3610,2877
ONION,10/8/2015,84507,1517,3839,3119
ONION,6/3/2016,201465,354,911,684
ONION,7/26/2016,116558,353,875,672
ONION,10/2/2016,16436,333,686,553
ONION,11/24/2016,287946,350,1099,771
ONION,1/22/2017,84070,382,795,638
ONION,3/22/2017,264700,333,694,572
ONION,7/21/2017,263823,337,793,623
ONION,9/12/2017,213640,634,1653,1330
ONION,11/19/2017,39137,1388,3624,2687
ONION,1/11/2018,263083,1472,3078,2574
ONION,3/11/2018,130112,565,1077,880
ONION,5/9/2018,269121,337,784,608
ONION,7/16/2018,289871,566,1273,1055
ONION,9/7/2018,199757,411,1031,789
ONION,10/30/2018,166890,557,1518,1144
ONION,12/28/2018,339031,226,673,489